<?xml version="1.0" encoding="UTF-8"?>
<beans xmlns="http://www.springframework.org/schema/beans"
	xmlns:xsi="http://www.w3.org/2001/XMLSchema-instance" xmlns:context="http://www.springframework.org/schema/context"
	xmlns:mvc="http://www.springframework.org/schema/mvc" xmlns:tx="http://www.springframework.org/schema/tx"
	xsi:schemaLocation="http://www.springframework.org/schema/lang http://www.springframework.org/schema/lang/spring-lang-3.1.xsd  http://www.springframework.org/schema/jee http://www.springframework.org/schema/jee/spring-jee-3.1.xsd  http://www.springframework.org/schema/aop http://www.springframework.org/schema/aop/spring-aop-3.1.xsd  http://www.springframework.org/schema/mvc http://www.springframework.org/schema/mvc/spring-mvc.xsd  http://www.springframework.org/schema/beans http://www.springframework.org/schema/beans/spring-beans.xsd  http://www.springframework.org/schema/util http://www.springframework.org/schema/util/spring-util-3.1.xsd  http://www.springframework.org/schema/tx http://www.springframework.org/schema/tx/spring-tx-3.1.xsd  http://www.springframework.org/schema/context http://www.springframework.org/schema/context/spring-context.xsd">



	<!-- Provide support for component scanning -->
	<context:component-scan base-package="com.sforum" />
	<mvc:annotation-driven />

	<!-- Provide support for conversion, formatting and validation -->

	<bean id="viewResolver"
		class=" org.springframework.web.servlet.view.InternalResourceViewResolver">
		<property name="prefix">
			<value>/WEB-INF/views/</value>
		</property>
		<property name="suffix">
			<value>.jsp</value>
		</property>
	</bean>

	<mvc:resources mapping="css/**" location="/WEB-INF/css/"
		cache-period="31556926" />
	<mvc:resources mapping="img/**" location="/WEB-INF/img/"
		cache-period="31556926" />


	<!-- Creating data source -->
	<bean id="dataSource"
		class="org.springframework.jdbc.datasource.DriverManagerDataSource">
		<property name="driverClassName" value="com.mysql.jdbc.Driver" />
		<property name="url" value="jdbc:mysql://localhost:3306/sforum" />
		<property name="username" value="root" />
		<property name="password" value="password" />

	</bean>

	<!-- Creating session factory -->
	<bean id="sessionFactory"
		class="org.springframework.orm.hibernate5.LocalSessionFactoryBean">
		<property name="dataSource" ref="dataSource" />
		<property name="packagesToScan" value="com.sforum.model" />
		<property name="hibernateProperties">
			<props>
				<prop key="hibernate.dialect">org.hibernate.dialect.MySQL5Dialect</prop>
				<prop key="hibernate.show_sql">false</prop>
				<prop key="hibernate.format_sql">true</prop>
				<prop key="hibernate.hbm2ddl.auto">update</prop>
			</props>
		</property>
	</bean>



	<!-- Step 3: Setup Hibernate transaction manager -->
	<bean id="transactionManager"
		class="org.springframework.orm.hibernate5.HibernateTransactionManager">
		<property name="sessionFactory" ref="sessionFactory" />
	</bean>



	<!-- Step 4: Enable configuration of transactional behavior based on annotations -->
	<tx:annotation-driven transaction-manager="transactionManager" />


</beans>

<!-- <context:property-placeholder location="classpath:resources/database.properties"> 
	</context:property-placeholder> <context:component-scan base-package="com.virtusa"> 
	</context:component-scan> <tx:annotation-driven transaction-manager="hibernateTransactionManager"> 
	</tx:annotation-driven> <bean class="org.springframework.web.servlet.view.InternalResourceViewResolver" 
	id="jspViewResolver"> <property name="viewClass" value="org.springframework.web.servlet.view.JstlView"></property> 
	<property name="prefix" value="/WEB-INF/views/"></property> <property name="suffix" 
	value=".jsp"></property> </bean> <bean class="org.springframework.jdbc.datasource.DriverManagerDataSource" 
	id="dataSource"> <property name="driverClassName" value="${database.driver}"></property> 
	<property name="url" value="${database.url}"></property> <property name="username" 
	value="${database.user}"></property> <property name="password" value="${database.password}"></property> 
	</bean> <bean class="org.springframework.orm.hibernate3.annotation.AnnotationSessionFactoryBean" 
	id="sessionFactory"> <property name="dataSource" ref="dataSource"></property> 
	<property name="annotatedClasses"> <list> <value>com.sforum.model.Employee</value> 
	</list> </property> <property name="hibernateProperties"> <props> <prop key="hibernate.dialect">${hibernate.dialect}</prop> 
	<prop key="hibernate.show_sql">${hibernate.show_sql}</prop> <prop key="hibernate.hbm2ddl.auto">${hibernate.hbm2ddl.auto} 
	</prop> </props> </property> </bean> <bean class="org.springframework.orm.hibernate3.HibernateTransactionManager" 
	id="hibernateTransactionManager"> <property name="sessionFactory" ref="sessionFactory"></property> 
	</bean> </beans> -->